{"inputUnits":[63],"outputUnits":5,"inputs":{"0":{"dtype":"number","min":0.23863807320594788,"max":0.6456683278083801},"1":{"dtype":"number","min":0.47664737701416016,"max":0.7575855255126953},"2":{"dtype":"number","min":-4.4478099425759865e-7,"max":6.59958232063218e-7},"3":{"dtype":"number","min":0.2603159546852112,"max":0.6963332891464233},"4":{"dtype":"number","min":0.4380262494087219,"max":0.6680082678794861},"5":{"dtype":"number","min":-0.05834740772843361,"max":0.030970457941293716},"6":{"dtype":"number","min":0.24170789122581482,"max":0.7242686748504639},"7":{"dtype":"number","min":0.3695310652256012,"max":0.5932822823524475},"8":{"dtype":"number","min":-0.08802996575832367,"max":0.035528767853975296},"9":{"dtype":"number","min":0.1970471739768982,"max":0.7316442728042603},"10":{"dtype":"number","min":0.29565301537513733,"max":0.5438830256462097},"11":{"dtype":"number","min":-0.11067350953817368,"max":0.038394417613744736},"12":{"dtype":"number","min":0.15680888295173645,"max":0.7440460920333862},"13":{"dtype":"number","min":0.23813720047473907,"max":0.5087623000144958},"14":{"dtype":"number","min":-0.13221454620361328,"max":0.05250685289502144},"15":{"dtype":"number","min":0.2605837881565094,"max":0.7044898271560669},"16":{"dtype":"number","min":0.2936258018016815,"max":0.5387678742408752},"17":{"dtype":"number","min":-0.060340382158756256,"max":0.02884531207382679},"18":{"dtype":"number","min":0.2595941424369812,"max":0.7186997532844543},"19":{"dtype":"number","min":0.23695415258407593,"max":0.4779878556728363},"20":{"dtype":"number","min":-0.0918462872505188,"max":0.007542076054960489},"21":{"dtype":"number","min":0.25425589084625244,"max":0.7122517824172974},"22":{"dtype":"number","min":0.1901809275150299,"max":0.4985544681549072},"23":{"dtype":"number","min":-0.11728847026824951,"max":0.0008393099415116012},"24":{"dtype":"number","min":0.24807269871234894,"max":0.7205770611763},"25":{"dtype":"number","min":0.13695409893989563,"max":0.4976465404033661},"26":{"dtype":"number","min":-0.1355220377445221,"max":-0.0013766252668574452},"27":{"dtype":"number","min":0.2249884009361267,"max":0.7148343920707703},"28":{"dtype":"number","min":0.2924797236919403,"max":0.526493489742279},"29":{"dtype":"number","min":-0.057535234838724136,"max":0.014461175538599491},"30":{"dtype":"number","min":0.2048788070678711,"max":0.729934573173523},"31":{"dtype":"number","min":0.23893876373767853,"max":0.5222716331481934},"32":{"dtype":"number","min":-0.07962291687726974,"max":0.010160433128476143},"33":{"dtype":"number","min":0.18464809656143188,"max":0.7128857970237732},"34":{"dtype":"number","min":0.17030774056911469,"max":0.5354512929916382},"35":{"dtype":"number","min":-0.10338006913661957,"max":0.012976144440472126},"36":{"dtype":"number","min":0.16613870859146118,"max":0.692987859249115},"37":{"dtype":"number","min":0.11001291871070862,"max":0.5303158760070801},"38":{"dtype":"number","min":-0.12195286899805069,"max":0.015235665254294872},"39":{"dtype":"number","min":0.19511888921260834,"max":0.7112625241279602},"40":{"dtype":"number","min":0.2953484058380127,"max":0.5614733099937439},"41":{"dtype":"number","min":-0.0663117989897728,"max":0.018449030816555023},"42":{"dtype":"number","min":0.1508372724056244,"max":0.7266256213188171},"43":{"dtype":"number","min":0.2548547685146332,"max":0.5668156147003174},"44":{"dtype":"number","min":-0.08459630608558655,"max":0.010751500725746155},"45":{"dtype":"number","min":0.1649836003780365,"max":0.7108640670776367},"46":{"dtype":"number","min":0.19702725112438202,"max":0.5766867399215698},"47":{"dtype":"number","min":-0.09342391043901443,"max":0.0161221195012331},"48":{"dtype":"number","min":0.18357685208320618,"max":0.7023360133171082},"49":{"dtype":"number","min":0.141607865691185,"max":0.5712279677391052},"50":{"dtype":"number","min":-0.10639695078134537,"max":0.024984674528241158},"51":{"dtype":"number","min":0.17191573977470398,"max":0.7288259267807007},"52":{"dtype":"number","min":0.3027780055999756,"max":0.6038512587547302},"53":{"dtype":"number","min":-0.07334180176258087,"max":0.022758901119232178},"54":{"dtype":"number","min":0.1354866921901703,"max":0.7551257014274597},"55":{"dtype":"number","min":0.2658945918083191,"max":0.607251763343811},"56":{"dtype":"number","min":-0.09512817859649658,"max":0.007926346734166145},"57":{"dtype":"number","min":0.147627055644989,"max":0.769126296043396},"58":{"dtype":"number","min":0.27646511793136597,"max":0.6103224158287048},"59":{"dtype":"number","min":-0.09663969278335571,"max":0.01482833456248045},"60":{"dtype":"number","min":0.16638201475143433,"max":0.7795267701148987},"61":{"dtype":"number","min":0.23292718827724457,"max":0.6052127480506897},"62":{"dtype":"number","min":-0.10342396795749664,"max":0.01893988810479641}},"outputs":{"label":{"dtype":"string","min":0,"max":1,"uniqueValues":["peace","fist","hand","thumbsup","horns"],"legend":{"peace":[1,0,0,0,0],"fist":[0,1,0,0,0],"hand":[0,0,1,0,0],"thumbsup":[0,0,0,1,0],"horns":[0,0,0,0,1]}}},"isNormalized":true}